8,Pegeen,Expedition,215,50450.000000
3,Stillmann,MDX,125,22800.000000
5,Wenda,XL-7,185,39950.000000
